experiment,feature_group,threshold,accuracy,precision,recall,f1,confusion_matrix,roc_auc
ablation,vitals_only,0.19999999999999996,0.8166666666666667,0.8222222222222222,0.925,0.8705882352941177,"[[12, 8], [3, 37]]",0.94125
ablation,demographics_only,0.26999999999999996,0.7166666666666667,0.7346938775510204,0.9,0.8089887640449438,"[[7, 13], [4, 36]]",0.86375
ablation,all,0.26999999999999996,0.8833333333333333,0.9230769230769231,0.9,0.9113924050632911,"[[17, 3], [4, 36]]",0.98
