experiment,model,threshold,accuracy,precision,recall,f1,confusion_matrix,roc_auc
model_compare,logistic_regression,0.31999999999999995,0.85,0.8444444444444444,0.95,0.8941176470588236,"[[13, 7], [2, 38]]",0.96125
model_compare,mlp,0.12,0.8,0.7916666666666666,0.95,0.8636363636363636,"[[10, 10], [2, 38]]",0.9400000000000001
model_compare,ems_classifier,0.19,0.9166666666666666,0.9487179487179487,0.925,0.9367088607594937,"[[18, 2], [3, 37]]",0.98
