experiment,model,threshold,accuracy,precision,recall,f1,confusion_matrix,roc_auc
model_compare,logistic_regression,0.32999999999999996,0.85,0.8604651162790697,0.925,0.891566265060241,"[[14, 6], [3, 37]]",0.94125
model_compare,mlp,0.20999999999999996,0.8166666666666667,0.8222222222222222,0.925,0.8705882352941177,"[[12, 8], [3, 37]]",0.9387500000000001
model_compare,ems_classifier,0.22999999999999998,0.9,0.9473684210526315,0.9,0.9230769230769231,"[[18, 2], [4, 36]]",0.975
